CardNumber,ExpYear,ExpMonth,CCV,CardType
4208-1170-3237-4641,2018,2,737, Visa
4780-5343-8634-2444,2019,2,425, Visa
5208-2550-2631-2321,2018,2,812, MasterCard
5000-6368-7738-7753,2018,9,184, MasterCard
5841-3666-2502-0802,2018,5,186, MasterCard
5504-3165-2284-1626,2019,5,135, MasterCard
4161-8684-7681-4485,2018,1,271, Visa
4423-8684-0658-5506,2019,7,854, Visa
5164-5662-1805-2018,2018,8,318, MasterCard
5781-1653-7204-0571,2018,4,321, MasterCard
4160-0727-5546-1404,2019,7,460, Visa
5266-4364-0026-6353,2018,7,706, MasterCard
4021-3518-5575-3327,2019,12,958, Visa
4556-5687-4084-7435,2019,4,899, Visa
5711-2066-7667-2530,2019,8,555, MasterCard
5665-0287-2248-8711,2019,6,127, MasterCard
4686-2121-3145-2017,2018,11,798, Visa
4063-1637-5224-2760,2019,5,165, Visa
5348-6458-4501-2352,2018,9,697, MasterCard
4546-0040-7147-2844,2018,2,505, Visa
5731-0342-6154-2272,2019,2,749, MasterCard
4661-7180-4676-4717,2019,2,648, Visa
5107-3651-6216-0178,2018,12,215, MasterCard
5570-4404-4033-6763,2018,7,540, MasterCard
4567-4823-3462-8002,2018,5,615, Visa
4242-8348-2028-4117,2019,3,125, Visa
4772-2602-6105-6806,2019,1,630, Visa
5665-6656-1160-3510,2019,2,785, MasterCard
4338-5158-8128-8080,2019,1,948, Visa
5884-5450-2712-2674,2019,9,448, MasterCard
4665-6246-0455-4506,2018,9,303, Visa
5342-6067-4732-6361,2019,7,541, MasterCard
5074-4837-7476-5828,2018,6,346, MasterCard
5033-7236-7370-5031,2018,7,291, MasterCard
4373-0171-1382-5140,2019,5,644, Visa
4640-3838-5622-5303,2019,4,329, Visa
4630-6634-5836-8144,2018,11,340, Visa
5726-6534-3480-8141,2018,2,705, MasterCard
4653-1611-0178-6640,2019,11,882, Visa
5715-3405-0858-4401,2019,8,132, MasterCard
5543-1624-8118-7475,2019,2,694, MasterCard
5211-0036-7421-2467,2019,4,969, MasterCard
4146-2654-4241-1050,2019,7,825, Visa
4706-7047-0052-7126,2019,11,314, Visa
5227-7101-4558-6442,2018,9,547, MasterCard
4787-8273-0840-6211,2018,7,967, Visa
4402-2378-7437-7504,2018,10,764, Visa
5003-2858-6712-5208,2018,11,176, MasterCard
5851-8852-0830-6517,2019,7,448, MasterCard
4681-1532-0574-6170,2018,4,254, Visa
4612-3384-3411-5172,2018,1,245, Visa
5052-3740-3028-1641,2018,5,433, MasterCard
4718-1231-1380-8880,2019,5,338, Visa
4637-6786-6268-3750,2018,1,436, Visa
5568-1802-1826-3047,2018,2,911, MasterCard
5478-2803-0068-7613,2019,5,968, MasterCard
5173-7722-4838-6306,2018,2,334, MasterCard
5622-6832-2140-4833,2018,8,249, MasterCard
4154-3181-6847-5665,2019,11,893, Visa
5455-6271-4655-2186,2018,3,653, MasterCard
4012-1624-4626-2137,2018,10,374, Visa
5467-5750-3722-1633,2019,6,438, MasterCard
5348-6827-6246-4373,2018,7,844, MasterCard
5378-7860-3845-8870,2018,9,952, MasterCard
4163-0123-2374-2833,2019,3,800, Visa
5040-1248-7322-2854,2019,1,552, MasterCard
4416-7850-6012-6006,2018,9,500, Visa
5251-4181-3065-3651,2019,6,464, MasterCard
4668-2841-4605-3728,2019,3,876, Visa
5045-8148-6520-5884,2018,1,625, MasterCard
4757-6717-2536-2425,2018,3,320, Visa
4128-6836-6521-7776,2018,6,645, Visa
5453-6556-1221-8372,2018,9,744, MasterCard
4401-8885-3531-0572,2019,1,548, Visa
4850-6877-3080-1500,2019,1,291, Visa
4227-5104-7668-3831,2019,1,182, Visa
5862-3467-5210-7253,2018,11,311, MasterCard
5142-6801-1264-5285,2018,12,720, MasterCard
5511-8566-1253-0358,2018,2,127, MasterCard
4884-5741-4065-6874,2019,5,162, Visa
4208-5051-3668-3745,2019,10,449, Visa
5837-1034-2361-1482,2019,9,514, MasterCard
5504-8755-3082-3637,2019,6,549, MasterCard
4078-4462-2486-4441,2019,8,879, Visa
5522-5423-5517-0811,2018,10,703, MasterCard
5480-2468-0216-2252,2018,2,727, MasterCard
5777-1084-5267-0236,2018,12,576, MasterCard
4115-1783-8277-4378,2019,8,190, Visa
5702-6013-0205-5640,2019,12,523, MasterCard
5611-6236-3248-7715,2019,1,390, MasterCard
4380-8322-2016-2414,2018,8,512, Visa
4437-6433-8404-6233,2018,7,298, Visa
4075-4586-7334-8522,2018,2,502, Visa
4301-6126-2141-4820,2019,4,172, Visa
4786-5266-5135-5584,2018,7,313, Visa
5748-2370-8868-3762,2019,5,714, MasterCard
5531-5248-7011-8383,2018,11,490, MasterCard
5021-4365-8823-2686,2019,1,127, MasterCard
5071-1106-0413-7356,2018,11,526, MasterCard
5000-5651-7762-5721,2018,12,903, MasterCard
4017-0446-5056-7010,2018,2,396, Visa
5113-1606-5876-2815,2019,3,223, MasterCard
4638-6680-5534-1560,2018,5,356, Visa
4517-6315-7734-0870,2019,7,960, Visa
5431-3833-5817-4330,2018,9,459, MasterCard
5563-4604-3446-4354,2018,1,858, MasterCard
4625-6147-4751-4052,2019,8,968, Visa
4263-6533-1728-6656,2019,12,820, Visa
5875-5150-3036-2600,2018,8,242, MasterCard
4005-7714-3014-8034,2019,1,406, Visa
4801-3554-4413-2782,2019,5,983, Visa
5586-7257-0684-0561,2019,2,915, MasterCard
4004-6111-7122-7772,2018,9,461, Visa
5058-3271-3640-0188,2018,4,417, MasterCard
5686-6854-7865-7040,2019,7,776, MasterCard
4601-4708-7003-5318,2018,7,796, Visa
4672-4427-0537-8860,2019,1,411, Visa
4833-8371-2060-3576,2018,3,936, Visa
4056-8532-0015-7250,2019,9,406, Visa
5513-4060-0034-6617,2018,8,907, MasterCard
5121-0882-8184-2052,2019,12,307, MasterCard
4084-0026-1711-3128,2019,11,349, Visa
4538-3688-4356-6864,2018,9,882, Visa
5775-2837-4250-6870,2019,4,194, MasterCard
5316-2623-2078-1721,2018,1,419, MasterCard
4154-4552-8151-8730,2018,9,357, Visa
5843-5324-5522-7332,2019,11,709, MasterCard
5332-2736-1617-3044,2018,12,403, MasterCard
5843-7770-1556-0512,2019,8,885, MasterCard
5262-7764-0360-7853,2018,11,760, MasterCard
5725-7553-4074-1653,2019,5,432, MasterCard
5147-1780-5228-2875,2018,7,695, MasterCard
5801-2275-2312-6422,2019,8,522, MasterCard
5023-1122-1532-4737,2018,6,770, MasterCard
4868-4717-7676-4181,2019,9,546, Visa
4137-4314-5885-3228,2019,6,836, Visa
5462-1221-6258-6061,2018,3,930, MasterCard
4855-3161-6344-6014,2018,4,461, Visa
5564-4201-2632-0388,2019,9,145, MasterCard
4275-4367-1565-3453,2018,4,336, Visa
4714-6742-4746-8482,2018,11,770, Visa
4683-6787-8210-6487,2019,5,314, Visa
5665-4028-8571-4413,2019,9,688, MasterCard
5546-1507-4083-0735,2019,3,160, MasterCard
5787-2244-5604-8382,2019,6,786, MasterCard
5047-7637-0273-4762,2019,5,988, MasterCard
5650-8088-7405-5518,2018,8,966, MasterCard
4430-5628-7416-0337,2019,8,806, Visa
5861-0054-8770-7867,2018,1,604, MasterCard
4378-0504-4256-0802,2019,10,650, Visa
5043-8630-1356-6848,2019,8,420, MasterCard
4822-1135-7246-3742,2018,8,878, Visa
4043-2540-8344-3337,2019,7,231, Visa
4442-4623-6067-1614,2019,10,277, Visa
5348-1741-2851-0487,2018,5,679, MasterCard
5463-2817-3064-0872,2019,12,128, MasterCard
4003-0047-3845-1468,2018,6,442, Visa
5361-5387-4748-8063,2018,12,789, MasterCard
5846-1635-6470-4123,2019,7,871, MasterCard
5056-3813-2531-3282,2019,11,651, MasterCard
4806-7207-4055-1032,2019,1,818, Visa
4443-0006-6443-8451,2018,5,340, Visa
5702-8652-0267-5167,2018,9,253, MasterCard
4662-5570-4607-0710,2019,4,394, Visa
5140-8466-6536-7245,2019,1,254, MasterCard
4082-0147-2852-3352,2018,12,107, Visa
4317-1208-7631-4440,2018,2,964, Visa
4140-2016-8686-0658,2019,4,110, Visa
5274-6875-7236-1733,2018,10,520, MasterCard
5837-3214-8532-8635,2018,9,913, MasterCard
5320-1403-8678-5527,2019,2,901, MasterCard
5100-5041-1506-5160,2018,4,217, MasterCard
5040-1536-7461-4373,2019,4,741, MasterCard
5228-7314-4562-8808,2018,6,997, MasterCard
5308-6250-8508-0374,2019,8,872, MasterCard
5531-2606-6821-7752,2019,12,117, MasterCard
5320-2201-3847-4651,2018,1,752, MasterCard
4153-2074-2604-5173,2019,6,404, Visa
4610-5134-4216-0111,2018,7,115, Visa
4107-8208-6106-5808,2018,8,939, Visa
5370-5724-6653-0432,2018,4,684, MasterCard
4112-4565-7431-2840,2018,1,668, Visa
4385-2418-6526-0837,2019,3,741, Visa
5558-5281-3124-7426,2019,10,535, MasterCard
5025-5056-8640-2734,2018,8,588, MasterCard
4673-8410-3312-1331,2018,2,787, Visa
5508-3688-0511-8558,2019,4,305, MasterCard
4158-4687-8261-8061,2019,8,279, Visa
5730-6217-1683-7181,2019,10,912, MasterCard
4714-4133-8136-1231,2018,8,373, Visa
5380-3466-6562-8570,2019,8,712, MasterCard
4338-6874-1855-4175,2019,7,608, Visa
5117-1247-8043-6488,2019,9,363, MasterCard
5665-4342-2008-8005,2018,8,204, MasterCard
4815-3162-0185-5084,2019,8,724, Visa
5623-1851-5254-7514,2018,3,352, MasterCard
5817-3563-3747-6053,2019,7,998, MasterCard
4222-4584-0373-3235,2019,9,589, Visa
4514-8843-6452-8503,2018,10,396, Visa
5500-1603-1422-5802,2018,11,249, MasterCard
4446-0685-6772-3433,2018,7,909, Visa
4021-0576-4301-4688,2019,12,281, Visa
4044-2605-2315-6636,2019,2,282, Visa
5525-4715-0058-5383,2019,9,793, MasterCard
4283-6756-7380-4448,2018,5,368, Visa
4532-1158-6552-8850,2018,7,426, Visa
5422-5856-7743-3574,2018,3,840, MasterCard
4382-3666-0514-5205,2019,1,455, Visa
5524-7751-6460-0382,2019,4,269, MasterCard
4881-5036-6686-6131,2018,12,922, Visa
4856-2178-8371-1803,2018,12,462, Visa
4248-1012-0354-4127,2019,6,321, Visa
5318-1506-5675-7860,2019,12,998, MasterCard
4736-7732-3472-5468,2019,12,777, Visa
5076-2243-2171-6171,2018,10,308, MasterCard
4610-8321-2545-4520,2018,10,856, Visa
5712-8615-8726-7850,2018,6,121, MasterCard
4766-3487-3624-1273,2018,8,260, Visa
5540-8210-2751-3238,2019,8,694, MasterCard
4865-2527-3726-8048,2018,9,236, Visa
4260-3875-2387-4863,2019,11,977, Visa
5206-5150-8876-8740,2019,8,841, MasterCard
4812-4108-6288-3676,2018,11,143, Visa
5824-2437-8525-2643,2019,12,704, MasterCard
5213-5414-8525-7831,2019,1,894, MasterCard
5317-0503-2106-6088,2018,3,664, MasterCard
4043-2141-6387-1237,2019,6,729, Visa
4722-2586-1427-8557,2018,1,630, Visa
4708-1143-4022-0686,2019,3,941, Visa
4831-4807-7428-2421,2018,6,498, Visa
5548-0831-2387-8203,2019,11,657, MasterCard
5270-4655-7514-0675,2019,12,473, MasterCard
4461-4321-6264-3406,2018,5,381, Visa
5487-0388-1527-0237,2019,11,374, MasterCard
4576-6762-8352-3267,2018,6,875, Visa
4664-7837-8116-8125,2018,12,946, Visa
5111-2074-3064-2013,2018,11,234, MasterCard
4318-2471-3612-4563,2018,6,727, Visa
5725-0324-2418-0657,2018,9,197, MasterCard
4024-2305-4587-7356,2018,11,168, Visa
4562-8864-7010-7115,2019,7,835, Visa
4453-2743-0740-6178,2019,3,155, Visa
5185-0772-1650-4567,2018,10,685, MasterCard
5643-1031-7002-7050,2019,4,880, MasterCard
5348-0722-3020-8638,2018,11,914, MasterCard
5441-7281-4303-7705,2018,2,439, MasterCard
4117-6215-7388-4256,2019,4,510, Visa
4752-1102-5522-3652,2018,2,594, Visa
5030-8411-5081-7286,2019,8,248, MasterCard
4386-2232-8728-5542,2019,6,463, Visa
4354-7331-7278-3235,2019,10,669, Visa
4637-1535-5243-3302,2019,5,104, Visa
5416-2881-4421-5561,2018,9,998, MasterCard
4127-7085-6516-6160,2018,8,761, Visa
4121-5677-7371-0433,2019,11,558, Visa
4043-8141-2833-2264,2019,4,564, Visa
4377-3777-3003-8014,2018,3,379, Visa
5603-4764-6068-6241,2018,8,368, MasterCard
5583-7415-2860-1142,2018,7,698, MasterCard
5281-0362-1014-7180,2019,7,334, MasterCard
5365-1221-2828-6333,2019,5,932, MasterCard
5817-5651-2352-5887,2019,8,183, MasterCard
5584-3570-5164-8670,2018,1,658, MasterCard
5071-1647-0423-4241,2019,3,353, MasterCard
5635-3144-3056-5231,2019,2,671, MasterCard
5280-0862-1553-8744,2019,1,985, MasterCard
4143-6760-6003-7535,2019,11,752, Visa
4621-2245-5362-2074,2019,7,514, Visa
5468-6530-4771-7277,2018,3,403, MasterCard
4128-2440-2107-2627,2019,6,663, Visa
4101-8336-0705-4347,2018,11,523, Visa
4588-6652-0133-7146,2018,4,492, Visa
5375-5520-8148-3162,2019,3,368, MasterCard
4737-6165-3737-8171,2019,4,656, Visa
4810-1118-3873-5121,2018,11,503, Visa
4662-5833-6625-0260,2018,6,454, Visa
5261-6313-5202-3712,2018,3,287, MasterCard
4373-2237-8255-3308,2019,7,123, Visa
4723-0668-3848-0415,2019,4,514, Visa
5216-8132-2404-6230,2018,1,809, MasterCard
4765-6218-5042-2502,2019,3,873, Visa
5425-8850-4066-3247,2018,1,711, MasterCard
4046-4534-3110-8827,2019,11,221, Visa
5856-8705-7512-6016,2019,3,301, MasterCard
5304-8566-4068-1604,2019,11,508, MasterCard
4761-6741-7364-1641,2018,6,354, Visa
4222-3306-0340-4448,2019,11,889, Visa
5651-0523-5108-4415,2018,11,205, MasterCard
4663-6742-4073-6480,2018,5,732, Visa
5854-4343-4435-7014,2018,7,271, MasterCard
4437-6487-8402-5216,2019,12,449, Visa
4628-2003-0425-6043,2018,3,102, Visa
4610-5535-4514-2814,2018,8,652, Visa
4881-8113-6805-4108,2019,2,562, Visa
5585-4602-3622-4687,2019,9,171, MasterCard
4782-5067-5016-6540,2019,8,940, Visa
4686-7272-8184-0554,2018,9,967, Visa
5852-4858-4674-3657,2019,3,664, MasterCard
4508-2016-5378-3285,2018,5,140, Visa
5411-2484-4081-7630,2018,9,929, MasterCard
4175-1366-3633-4776,2018,2,819, Visa
5715-0641-4241-8780,2018,11,201, MasterCard
5437-4450-4221-2042,2018,1,713, MasterCard
4273-1546-2043-1467,2019,10,397, Visa
5001-1486-5578-1487,2018,11,217, MasterCard
5226-7445-4500-3162,2019,10,261, MasterCard
5734-5212-4857-6313,2019,7,628, MasterCard
4475-6274-5687-5366,2019,3,788, Visa
4266-2066-0085-5781,2018,11,777, Visa
4478-4510-4352-0311,2018,10,252, Visa
5026-0241-4203-5418,2018,7,268, MasterCard
4246-2227-8276-5271,2018,4,610, Visa
4273-7477-0565-6815,2019,5,263, Visa
4385-1336-8566-6816,2019,5,891, Visa
4318-1628-0341-5337,2018,5,976, Visa
5407-1847-1017-1257,2018,6,416, MasterCard
4638-3873-2413-6400,2018,4,503, Visa
4852-4254-5766-2013,2018,9,684, Visa
5673-4246-4011-5587,2019,2,455, MasterCard
4438-7463-3234-2460,2019,3,340, Visa
4678-3117-5370-8571,2018,4,489, Visa
5860-4584-3045-5285,2019,10,327, MasterCard
5307-0288-3568-2055,2018,2,493, MasterCard
4004-4675-0462-5020,2018,8,857, Visa
5654-7306-5156-6473,2019,5,708, MasterCard
4221-6686-8340-8487,2018,8,948, Visa
5520-7018-5270-7267,2018,3,189, MasterCard
4713-0238-2356-8334,2018,12,600, Visa
4471-7038-2882-0267,2019,10,248, Visa
4542-3132-6377-4642,2019,1,868, Visa
4115-5456-4418-0075,2018,7,103, Visa
5551-7238-7050-4635,2019,6,343, MasterCard
4675-8204-5721-1461,2019,5,710, Visa
5754-1501-6068-3108,2018,3,394, MasterCard
4036-5375-8873-4435,2019,8,113, Visa
4837-2483-1808-0583,2019,2,594, Visa
4768-6575-7070-6573,2018,8,116, Visa
5374-4033-2465-2737,2019,11,583, MasterCard
5667-7080-4047-2400,2019,8,424, MasterCard
5513-3370-7032-3022,2019,8,568, MasterCard
5441-8112-1774-1012,2019,4,272, MasterCard
4642-7056-2853-1162,2019,8,216, Visa
4406-0557-8500-3324,2018,5,450, Visa
4376-3246-3670-7764,2019,12,833, Visa
4015-6783-3373-6054,2019,3,380, Visa
4203-6816-0134-5105,2018,2,282, Visa
4442-6128-2487-4572,2019,9,680, Visa
5681-7267-6373-0202,2018,5,103, MasterCard
4403-5378-5048-1280,2019,1,933, Visa
5234-2633-8763-7177,2019,7,894, MasterCard
5576-2503-4757-8647,2018,8,714, MasterCard
5815-4087-1115-4426,2018,11,627, MasterCard
4764-6038-7488-2615,2018,10,571, Visa
4038-8372-6737-4604,2019,5,540, Visa
5106-5371-3265-4578,2019,12,600, MasterCard
5632-3154-5246-3471,2018,9,255, MasterCard
4865-4045-3607-6441,2019,5,841, Visa
4276-2124-3844-4333,2019,12,220, Visa
5150-3751-5852-2543,2018,2,931, MasterCard
5170-0044-0541-5345,2019,5,179, MasterCard
5405-3808-4344-7232,2018,1,404, MasterCard
4768-0007-2724-2053,2019,11,841, Visa
4013-3550-0221-6328,2019,7,258, Visa
4141-0663-5346-7858,2018,8,637, Visa
5832-5001-2261-4128,2019,4,634, MasterCard
5816-5737-5506-5835,2019,7,958, MasterCard
4215-7136-1132-5417,2018,1,947, Visa
5332-3067-1756-5658,2018,6,925, MasterCard
4825-4345-7151-4583,2019,4,321, Visa
5074-3483-4151-7822,2018,5,897, MasterCard
4053-7332-4414-7272,2019,12,853, Visa
4035-2184-2162-8826,2019,4,457, Visa
4553-2113-2276-4032,2018,1,552, Visa
5160-4818-2201-2685,2018,5,217, MasterCard
5567-0817-6212-5221,2019,3,604, MasterCard
5468-3582-5727-6267,2018,10,663, MasterCard
5427-5352-7587-6687,2018,11,306, MasterCard
5716-7530-1754-1002,2018,8,931, MasterCard
5514-3863-5414-3001,2018,10,443, MasterCard
4130-5141-8505-6046,2018,1,238, Visa
4723-8273-4504-1283,2019,7,693, Visa
4741-4242-1636-7548,2018,3,657, Visa
4635-7330-7815-0266,2019,8,693, Visa
4248-7615-7876-0382,2018,7,696, Visa
4158-4785-6244-8852,2019,6,763, Visa
5708-3563-4050-5734,2018,11,726, MasterCard
4273-5174-8626-3200,2018,8,323, Visa
5454-7026-1041-8544,2018,8,939, MasterCard
4516-2084-3320-6610,2018,9,117, Visa
4134-2175-2044-3806,2018,7,736, Visa
5612-6331-5685-1724,2019,5,455, MasterCard
4777-3760-7862-6451,2018,7,194, Visa
5076-6421-5387-2285,2019,6,671, MasterCard
5705-2621-2064-4417,2018,1,381, MasterCard
4876-5175-8838-8732,2019,8,957, Visa
4555-2723-7033-7830,2018,3,522, Visa
4788-4541-7875-4007,2018,6,758, Visa
5077-5766-2672-7214,2018,4,140, MasterCard
5307-1812-6044-8771,2018,6,645, MasterCard
5244-0582-0842-3718,2018,12,759, MasterCard
4176-4476-3846-4043,2019,12,159, Visa
4166-8247-4656-0510,2018,10,384, Visa
4542-0167-4460-2080,2018,3,657, Visa
5617-4436-3270-6012,2018,6,583, MasterCard
5364-4346-0177-5364,2018,5,678, MasterCard
4306-3234-8464-7127,2018,1,493, Visa
4822-4207-6434-8023,2019,9,534, Visa
4526-2685-8411-1348,2019,3,118, Visa
5063-3467-7422-7276,2018,5,199, MasterCard
4755-1686-6530-3776,2018,5,746, Visa
4211-3502-8420-3813,2019,8,642, Visa
4646-5218-3467-8861,2018,1,634, Visa
5255-4607-0774-2448,2018,4,477, MasterCard
4248-7333-8468-0658,2018,2,260, Visa
4551-3042-4204-2787,2019,12,304, Visa
5480-8238-8183-3027,2019,8,828, MasterCard
4053-4381-1406-4058,2018,1,753, Visa
5547-2163-0534-7446,2018,8,522, MasterCard
4646-8262-5303-2270,2019,12,913, Visa
5418-3632-2534-6003,2018,3,470, MasterCard
4622-7171-0112-0870,2019,3,558, Visa
5671-6014-8263-7438,2018,10,465, MasterCard
4846-3877-8706-0855,2018,4,571, Visa
4823-6226-4533-2485,2019,3,108, Visa
4084-3436-5357-0205,2019,9,249, Visa
5776-1523-4835-1248,2018,12,277, MasterCard
5045-6188-2785-1648,2018,7,379, MasterCard
5143-1355-5381-0368,2018,11,202, MasterCard
5442-8241-4465-0221,2019,7,573, MasterCard
5515-1660-8040-2650,2018,10,617, MasterCard
4454-2027-7547-7677,2019,4,340, Visa
4150-6688-0118-5350,2019,2,931, Visa
5638-6245-2807-5787,2019,12,565, MasterCard
5453-1340-1482-4807,2018,1,223, MasterCard
4114-6715-2060-1561,2019,9,416, Visa
4865-3521-1520-4100,2018,12,939, Visa
5513-0311-8334-5184,2018,6,279, MasterCard
4523-5177-2400-0586,2018,1,591, Visa
4380-4323-4374-2885,2019,6,738, Visa
5478-8506-1005-4611,2018,6,707, MasterCard
4587-2135-2366-0266,2019,8,639, Visa
5524-5185-1503-4160,2018,4,330, MasterCard
4253-5530-3646-8621,2019,10,526, Visa
4447-4067-8316-3183,2018,10,840, Visa
5320-5443-3004-6607,2018,6,178, MasterCard
4464-3103-0860-2741,2019,12,945, Visa
5445-4185-3813-5134,2019,12,238, MasterCard
5163-5023-1027-3443,2018,7,570, MasterCard
4563-8003-2363-4372,2019,11,506, Visa
4480-2037-3546-8606,2018,7,539, Visa
4156-2781-1110-0117,2018,10,557, Visa
5751-8268-0538-4755,2018,2,519, MasterCard
4255-3760-1477-0273,2019,11,767, Visa
4104-3488-0288-1466,2018,10,692, Visa
5288-1543-4016-3457,2019,11,610, MasterCard
5174-8826-8864-6710,2019,8,508, MasterCard
4735-8553-1646-8488,2019,1,630, Visa
4846-5240-5161-2777,2018,10,845, Visa
5244-5011-4146-3515,2019,8,878, MasterCard
5523-3537-2408-7226,2019,2,281, MasterCard
5444-1674-3643-6612,2019,6,617, MasterCard
4201-8236-5371-6633,2018,10,684, Visa
4300-5222-1337-7213,2019,6,773, Visa
5441-7851-8615-5232,2019,5,576, MasterCard
4512-1366-3276-0430,2018,5,405, Visa
5866-6181-5454-3772,2019,5,836, MasterCard
4440-2241-8480-6715,2018,12,646, Visa
5688-3342-1440-5038,2018,9,912, MasterCard
5478-8043-2133-3251,2018,9,447, MasterCard
4465-5346-2712-7226,2019,3,612, Visa
4845-5412-4805-3476,2018,7,978, Visa
4031-3707-4527-6313,2018,11,592, Visa
4641-2710-6075-8111,2018,4,913, Visa
5505-1506-0627-3177,2019,6,319, MasterCard
4713-8135-8345-5817,2019,3,272, Visa
4615-8644-1522-7634,2018,8,261, Visa
5746-4525-6346-1335,2019,12,198, MasterCard
5723-4253-5546-4383,2019,10,703, MasterCard
5560-8664-3452-4505,2018,11,214, MasterCard
4621-8171-8468-4155,2019,5,314, Visa
5283-6078-2847-7652,2019,12,270, MasterCard
4433-2865-6181-6541,2019,7,261, Visa
5255-1450-8566-8832,2018,6,614, MasterCard
4887-6157-4317-7417,2018,5,199, Visa
4828-6207-2587-6277,2019,11,582, Visa
5414-8461-5327-7087,2019,8,727, MasterCard
4388-1427-2086-4465,2019,8,129, Visa
5137-5858-7836-4046,2019,11,953, MasterCard
5345-1618-2285-0551,2019,10,980, MasterCard
4318-6540-5034-4137,2018,11,129, Visa
4628-3143-8685-5570,2018,8,147, Visa
5747-8847-7334-0710,2018,6,828, MasterCard
4118-2750-5131-4218,2018,5,991, Visa
5720-2073-3136-2276,2019,8,678, MasterCard
4680-8233-5211-4288,2018,12,977, Visa
4325-4467-2476-3276,2019,10,335, Visa
5412-7518-8474-4532,2018,9,426, MasterCard
5413-2114-5823-3015,2019,5,655, MasterCard
4872-5110-7002-6151,2018,12,803, Visa
5683-3832-1716-8502,2018,10,911, MasterCard
4785-4272-4310-4278,2018,6,461, Visa
4682-3581-3851-2230,2018,1,435, Visa
5328-6250-5636-7327,2018,2,820, MasterCard
4536-1325-6283-3448,2019,10,870, Visa
5627-0811-0401-6318,2018,8,786, MasterCard
4254-1126-4636-1137,2019,9,127, Visa
5618-3182-5508-4880,2018,11,489, MasterCard
5711-5734-4248-2282,2018,9,869, MasterCard
4664-8884-4123-5352,2019,6,379, Visa
4607-4866-0120-0116,2018,1,424, Visa
5688-7557-6041-3440,2019,6,118, MasterCard
5052-7714-5473-8735,2018,9,677, MasterCard
5536-3844-2253-2747,2018,7,959, MasterCard
5137-3278-0851-1440,2019,11,415, MasterCard
5521-8887-3720-5671,2018,11,548, MasterCard
5615-1057-6404-4502,2019,10,496, MasterCard
5615-0666-8278-4217,2019,12,669, MasterCard
4065-2163-1683-4668,2019,3,417, Visa
5542-7177-0580-0780,2018,10,581, MasterCard
4745-1026-4245-1237,2018,2,218, Visa
4732-3647-5806-6184,2018,10,369, Visa
5850-6535-3870-0804,2019,9,529, MasterCard
4781-1465-6481-5460,2019,2,767, Visa
4786-2658-2021-1754,2018,9,260, Visa
4782-8041-1661-8076,2019,8,551, Visa
5780-5203-5467-5847,2019,8,308, MasterCard
5781-0571-8855-2230,2018,3,109, MasterCard
5044-4144-8421-1057,2019,2,560, MasterCard
5561-3473-2715-7082,2018,11,786, MasterCard
4016-5040-0262-3440,2019,1,632, Visa
5680-5463-7573-7572,2019,6,531, MasterCard
5026-0450-7477-6414,2018,9,482, MasterCard
4576-8304-0233-4144,2018,8,952, Visa
4088-0067-0576-2858,2018,10,612, Visa
4047-2202-1610-5578,2018,4,779, Visa
5621-7180-8811-5873,2019,4,250, MasterCard
4703-4256-5321-7431,2018,2,271, Visa
5403-8241-4066-0577,2018,2,772, MasterCard
4367-3102-6858-8334,2018,11,901, Visa
5170-1083-4086-5132,2018,3,263, MasterCard
4564-7023-3861-3624,2018,1,959, Visa
4410-6076-0780-8134,2018,7,991, Visa
5360-6182-1012-8171,2018,2,109, MasterCard
4302-6437-3714-4042,2018,5,297, Visa
4433-8172-7165-3681,2018,11,694, Visa
4460-2732-1416-6314,2019,9,565, Visa
4323-2753-4424-6566,2019,2,644, Visa
4277-5656-6781-1277,2018,10,945, Visa
4640-6512-3751-2874,2019,2,334, Visa
5364-3570-2543-0276,2018,8,785, MasterCard
4612-4787-6860-1874,2018,8,988, Visa
5488-8575-7153-0230,2019,3,669, MasterCard
4283-0562-1142-6640,2019,2,327, Visa
4328-6127-3375-0326,2019,10,677, Visa
4883-4878-1122-6128,2019,7,837, Visa
5502-5840-4838-7877,2018,10,851, MasterCard
4008-4587-0341-5152,2018,6,757, Visa
4640-6043-1618-5567,2018,9,163, Visa
5816-1053-5445-3870,2018,6,205, MasterCard
4888-2830-7776-4554,2018,7,231, Visa
5157-0414-8467-2468,2018,3,956, MasterCard
4116-6623-1680-7650,2018,8,118, Visa
4737-2487-6276-2430,2019,2,324, Visa
5108-4468-6148-2078,2019,6,126, MasterCard
4282-4312-4146-3478,2019,5,326, Visa
5218-2546-0815-3722,2019,8,327, MasterCard
4606-5561-8723-2088,2018,4,539, Visa
4721-3500-3725-8216,2018,11,651, Visa
4668-5445-6285-5116,2019,10,894, Visa
5224-3167-0455-7056,2019,2,571, MasterCard
4281-7827-6513-8537,2019,1,244, Visa
4322-0170-8364-2246,2018,5,936, Visa
5300-6878-6336-4105,2019,8,151, MasterCard
5321-8532-1340-4224,2019,3,892, MasterCard
4623-8605-1750-6164,2018,9,526, Visa
4038-8570-8831-3276,2019,6,224, Visa
4524-8437-2566-6517,2018,10,644, Visa
4136-5645-3186-2732,2018,11,130, Visa
5675-3685-2835-0246,2018,12,587, MasterCard
4588-8554-0060-8518,2018,5,337, Visa
4270-4522-3532-3860,2019,8,275, Visa
5173-0263-5674-3281,2018,5,449, MasterCard
4136-0773-0153-8432,2018,9,307, Visa
4525-6362-2232-7685,2018,4,756, Visa
5550-0714-8256-1333,2018,12,111, MasterCard
5547-8087-3863-4414,2019,4,719, MasterCard
5338-8475-1578-1843,2019,3,850, MasterCard
5650-4680-2665-2777,2019,10,775, MasterCard
5588-7304-0752-0270,2018,4,723, MasterCard
5523-8833-1874-2554,2019,11,648, MasterCard
4874-4828-1052-6686,2019,1,315, Visa
5126-6815-6723-7222,2018,9,607, MasterCard
4833-0406-6761-1371,2018,11,860, Visa
5131-7452-1064-2832,2019,11,403, MasterCard
4107-6552-2804-0650,2018,10,264, Visa
5542-3361-8588-5482,2019,4,843, MasterCard
5530-6275-1536-5086,2018,7,941, MasterCard
4706-7727-5274-0863,2019,7,825, Visa
4311-4752-7238-8083,2019,11,453, Visa
4622-3142-0887-0431,2018,11,565, Visa
4013-8301-4522-0320,2018,6,940, Visa
5104-4013-6276-5822,2019,5,433, MasterCard
5130-0832-2708-3514,2019,8,301, MasterCard
5234-1420-2064-2762,2019,3,287, MasterCard
4508-1262-2813-7867,2019,12,130, Visa
5464-2381-8050-0146,2019,2,571, MasterCard
4036-4673-0401-5325,2019,12,896, Visa
4886-3867-8440-6328,2019,1,966, Visa
5323-0685-4250-4531,2018,7,239, MasterCard
5504-2105-8201-6080,2018,7,312, MasterCard
4744-1434-2434-0207,2018,12,551, Visa
4284-0023-8144-8757,2019,9,733, Visa
4832-5400-3370-0700,2019,11,994, Visa
5463-1185-4113-6502,2018,2,944, MasterCard
4408-0610-8870-2008,2018,9,847, Visa
5600-6574-4722-0633,2019,11,506, MasterCard
4806-8810-5562-8078,2018,1,174, Visa
4166-3647-8155-5125,2019,4,523, Visa
5320-2427-2273-2716,2019,3,991, MasterCard
5005-6447-5013-5500,2019,2,170, MasterCard
4857-3513-2323-7241,2019,6,969, Visa
4110-2204-7686-6721,2019,1,385, Visa
5486-8777-7181-3337,2018,4,627, MasterCard
4486-2730-5562-7465,2018,11,667, Visa
5601-4234-6428-7347,2019,2,562, MasterCard
4165-3143-7140-5133,2019,1,448, Visa
4537-2055-3724-0441,2019,1,749, Visa
4743-2110-0842-5370,2018,2,264, Visa
4073-8406-4228-7224,2019,6,889, Visa
5658-7721-4271-4821,2019,7,751, MasterCard
5361-2078-4561-3572,2018,1,926, MasterCard
4286-5718-6473-5078,2019,5,624, Visa
4414-2352-2830-5821,2018,11,654, Visa
5211-2208-0854-1757,2019,6,795, MasterCard
4386-4782-0501-7571,2019,3,740, Visa
5122-7024-5346-2163,2018,11,903, MasterCard
5066-4126-6441-4775,2019,1,197, MasterCard
4308-5321-1530-3011,2018,1,737, Visa
5872-3434-8775-7088,2019,12,679, MasterCard
4401-1500-5107-1462,2019,9,653, Visa
4216-1787-8182-5704,2019,12,862, Visa
4560-7763-3183-6212,2018,9,789, Visa
5831-1677-8560-8168,2019,4,616, MasterCard
5021-7238-4486-3630,2019,8,629, MasterCard
4860-8478-2202-2542,2019,11,730, Visa
4688-1111-0713-0078,2018,5,817, Visa
5787-5173-5763-5482,2018,7,993, MasterCard
5024-5704-1642-4268,2019,8,709, MasterCard
4532-6845-3444-5051,2019,1,333, Visa
4487-6477-6778-4608,2018,11,957, Visa
4406-4446-5423-4758,2019,8,199, Visa
5504-2754-3360-1554,2018,4,455, MasterCard
4201-5181-1624-7503,2019,3,947, Visa
4768-1604-2723-7413,2019,6,306, Visa
5884-8282-7362-4068,2019,8,400, MasterCard
4823-0052-5781-7375,2019,5,655, Visa
4258-8814-8172-1011,2019,6,980, Visa
5071-0058-0542-3243,2019,6,748, MasterCard
4277-4286-6332-4276,2019,10,131, Visa
5086-1344-1272-5866,2019,4,292, MasterCard
5685-2063-2451-6404,2019,10,747, MasterCard
4030-0807-1884-0331,2019,1,547, Visa
4554-7527-4604-6588,2018,6,956, Visa
5755-0723-1683-2653,2018,10,316, MasterCard
5827-0433-4075-0355,2018,8,694, MasterCard
5236-1744-0573-7261,2018,4,790, MasterCard
5423-1684-1036-0716,2019,5,189, MasterCard
5208-1568-2646-5337,2019,6,775, MasterCard
4070-6102-7000-3703,2019,6,431, Visa
4022-5285-2537-3037,2019,6,594, Visa
5772-1577-7655-7707,2018,3,131, MasterCard
4302-5338-3755-7856,2018,6,213, Visa
4726-1541-5018-0636,2018,6,931, Visa
4385-1707-5704-6402,2018,5,859, Visa
5350-3024-5671-3523,2018,9,715, MasterCard
4723-1620-0402-1446,2018,5,298, Visa
4053-2017-8202-6514,2018,11,337, Visa
4073-0447-2083-3302,2018,11,115, Visa
5201-7542-8732-3024,2018,1,845, MasterCard
5706-7667-8261-1844,2019,1,398, MasterCard
4247-7018-4175-4433,2019,7,513, Visa
5848-5676-6601-1872,2019,8,466, MasterCard
5557-5468-7111-5141,2019,4,329, MasterCard
5162-4474-7538-6328,2018,3,522, MasterCard
5640-3678-3050-1670,2019,5,736, MasterCard
5720-6187-3330-4841,2019,1,446, MasterCard
5056-2532-6546-4567,2019,11,843, MasterCard
5784-3414-1015-5435,2018,12,305, MasterCard
5637-2171-1102-2778,2019,10,840, MasterCard
4072-7017-8141-7470,2018,12,210, Visa
5578-6057-6132-7037,2018,8,828, MasterCard
4854-2022-1674-3063,2019,5,228, Visa
5020-5887-7503-1775,2019,5,673, MasterCard
5130-6470-6136-4642,2018,2,674, MasterCard
4570-6262-4060-4433,2018,8,735, Visa
5115-0637-1355-1785,2019,11,229, MasterCard
4157-0787-7271-6634,2018,12,194, Visa
4888-0825-4720-5416,2019,7,412, Visa
4114-6061-0456-5162,2019,3,632, Visa
5400-8645-0710-8441,2018,10,185, MasterCard
4244-6485-3724-4067,2019,1,913, Visa
4151-0378-2154-0508,2019,8,679, Visa
4567-5012-1345-4576,2019,12,411, Visa
4607-0783-2673-5052,2019,9,185, Visa
4412-1554-1754-0511,2019,6,927, Visa
5007-5773-5361-4646,2019,8,140, MasterCard
4734-5447-7846-5452,2018,7,675, Visa
5113-7458-5803-7214,2019,7,197, MasterCard
4201-1765-3666-6008,2019,8,344, Visa
5680-2714-3356-0276,2018,5,712, MasterCard
4166-2224-6487-5428,2019,10,701, Visa
5154-8665-2201-6457,2019,12,746, MasterCard
5441-5450-7228-4144,2018,9,976, MasterCard
5558-8838-3836-5546,2018,2,808, MasterCard
5071-3314-0500-1308,2019,11,757, MasterCard
4820-7338-7523-4045,2018,4,210, Visa
5066-1704-2514-6405,2018,8,467, MasterCard
4854-0551-6484-3230,2018,3,707, Visa
5755-0732-2322-6120,2019,5,347, MasterCard
4845-1078-5616-1207,2018,1,273, Visa
5683-7341-3801-2858,2019,1,466, MasterCard
4813-1243-8128-4766,2019,2,954, Visa
5380-7614-2407-4686,2018,10,722, MasterCard
5111-2352-5438-8181,2019,11,103, MasterCard
5366-6847-3467-4284,2018,10,787, MasterCard
5240-1220-2887-5137,2019,8,907, MasterCard
5257-8300-1076-0071,2018,8,260, MasterCard
5022-8714-4470-2366,2019,2,719, MasterCard
4032-6468-2562-7213,2019,12,599, Visa
5013-6175-4121-5567,2019,9,692, MasterCard
4070-0377-2107-3756,2019,7,412, Visa
4473-5757-4308-3405,2018,8,978, Visa
4160-4457-5527-1173,2018,2,106, Visa
5727-6614-6575-3283,2018,12,639, MasterCard
5038-8202-5400-2807,2018,9,273, MasterCard
5552-2615-1743-8825,2019,12,474, MasterCard
5204-2837-1077-5581,2018,10,136, MasterCard
4158-6624-6330-5713,2018,8,905, Visa
4080-8108-4565-1857,2018,3,939, Visa
5161-8567-1365-8846,2018,7,824, MasterCard
5620-5404-5713-1484,2018,11,510, MasterCard
5411-0560-2203-2282,2019,10,717, MasterCard
4483-1145-4506-1878,2018,2,406, Visa
5670-5118-7726-4048,2018,7,347, MasterCard
4555-7624-1318-6863,2018,10,801, Visa
5636-7757-4355-1713,2018,12,532, MasterCard
5841-3676-3131-6788,2018,10,576, MasterCard
5108-2042-6870-0380,2019,3,782, MasterCard
5352-4316-2148-3478,2018,12,438, MasterCard
5581-0335-6432-0163,2019,11,756, MasterCard
5226-7736-0710-0004,2019,3,968, MasterCard
5271-0604-8142-5242,2018,7,483, MasterCard
4885-0726-7416-1170,2018,2,404, Visa
5386-3377-1366-8878,2019,10,703, MasterCard
5865-1255-2530-8605,2018,2,177, MasterCard
5440-8560-2164-5181,2018,3,257, MasterCard
5721-5128-0081-5137,2018,11,662, MasterCard
5006-7314-8861-7062,2018,1,960, MasterCard
5177-5856-6717-6008,2018,9,779, MasterCard
4537-0513-3371-7038,2019,2,398, Visa
4163-1132-7084-2061,2019,5,992, Visa
5535-4332-6425-1527,2018,2,690, MasterCard
5138-6054-1686-1326,2019,5,752, MasterCard
5340-1038-6237-4188,2019,12,206, MasterCard
5055-4360-0515-8141,2018,12,449, MasterCard
4248-1520-2736-3376,2018,11,990, Visa
4361-2583-1523-3345,2019,8,331, Visa
4086-0365-1270-0074,2019,4,122, Visa
4538-7602-1230-4234,2018,11,228, Visa
5375-6665-0374-2078,2019,8,360, MasterCard
4253-0701-7685-6572,2018,12,141, Visa
4724-5126-7208-8748,2019,12,552, Visa
5883-2168-8717-6876,2019,2,779, MasterCard
5756-0318-2261-8120,2018,11,882, MasterCard
4514-2343-2773-0111,2018,8,509, Visa
4653-3142-2221-8403,2018,1,103, Visa
4746-5403-6723-4370,2019,2,767, Visa
4516-5266-1200-5127,2019,11,477, Visa
5657-4272-1315-0667,2019,9,159, MasterCard
4130-2776-7538-2104,2019,5,937, Visa
4652-4082-4614-0840,2018,5,642, Visa
4433-2765-7815-6304,2019,2,869, Visa
4002-6875-8610-4535,2018,9,148, Visa
4538-2611-4778-1364,2019,7,774, Visa
5157-6643-7457-2314,2019,8,524, MasterCard
4107-3278-0188-6673,2019,10,310, Visa
4620-2732-4065-1856,2019,9,850, Visa
4482-2705-4148-6740,2018,12,661, Visa
5052-6685-4688-7381,2019,1,921, MasterCard
5213-7350-4185-8625,2018,9,732, MasterCard
5477-8850-8371-5364,2019,9,363, MasterCard
5120-3344-3001-7456,2019,3,811, MasterCard
5501-4805-4818-8322,2019,8,299, MasterCard
5233-0500-7106-8723,2018,4,286, MasterCard
4537-1466-7434-5587,2018,10,708, Visa
5256-8715-1016-2666,2018,11,556, MasterCard
5214-2672-7276-5583,2018,9,295, MasterCard
4277-4361-2815-6001,2018,2,556, Visa
5507-3516-2707-0026,2019,8,848, MasterCard
4288-5257-2482-0288,2019,12,119, Visa
5264-3023-3484-4248,2018,11,174, MasterCard
4421-7811-1442-4011,2018,7,996, Visa
5714-1166-4438-0032,2019,8,855, MasterCard
4765-4565-3455-0182,2019,3,950, Visa
5020-5530-2171-8377,2019,1,788, MasterCard
5753-6063-2572-0334,2018,10,148, MasterCard
4482-4172-2361-3006,2019,8,323, Visa
4034-2408-3758-7751,2018,6,328, Visa
4645-1648-0616-5178,2018,12,754, Visa
4140-2585-2100-1617,2018,3,825, Visa
4727-4378-1346-6578,2019,5,926, Visa
5667-3285-4852-3230,2019,8,526, MasterCard
5045-7720-5121-2017,2018,1,692, MasterCard
4110-2504-8624-0252,2018,7,536, Visa
5223-3713-3377-1355,2019,4,507, MasterCard
5716-6754-1357-7878,2018,8,696, MasterCard
5427-1721-4068-2403,2019,9,644, MasterCard
5332-5303-3205-1170,2018,6,636, MasterCard
5727-2124-8632-8752,2019,4,135, MasterCard
5762-1224-5314-4486,2018,11,188, MasterCard
5178-6632-0204-4160,2018,10,757, MasterCard
4128-3088-5436-3526,2019,6,787, Visa
4732-1138-8106-3877,2019,3,744, Visa
4866-4141-7483-4414,2019,7,362, Visa
5416-2713-8822-8888,2018,2,558, MasterCard
4808-5686-5513-7711,2019,2,703, Visa
4856-4037-4455-8787,2018,8,827, Visa
4251-4434-6016-3843,2019,2,381, Visa
5651-8075-8262-7666,2019,5,840, MasterCard
4035-1664-7528-3487,2019,8,447, Visa
4788-0615-3001-7450,2019,11,864, Visa
5121-8077-8640-6158,2018,5,192, MasterCard
5120-3636-6811-2234,2018,1,817, MasterCard
4806-0622-7217-5132,2018,5,754, Visa
5124-3220-2382-0150,2018,9,313, MasterCard
5310-8570-1374-0458,2019,6,203, MasterCard
4604-2061-3346-6701,2018,12,289, Visa
4725-4180-2357-0526,2019,4,630, Visa
5582-3040-6500-7842,2018,12,126, MasterCard
4002-3651-4006-4434,2019,4,995, Visa
4778-8271-4812-1773,2019,8,744, Visa
4520-3055-0072-6456,2019,3,382, Visa
4160-4020-1432-7502,2018,7,975, Visa
4380-8033-4358-5260,2019,3,721, Visa
4036-1558-4273-5286,2019,1,919, Visa
4366-7785-6351-8134,2019,9,381, Visa
4512-3257-1201-3675,2018,3,319, Visa
5458-6356-0033-1200,2018,7,924, MasterCard
4841-1081-5711-5011,2018,8,359, Visa
4488-2434-3835-0786,2019,5,911, Visa
4266-1771-1261-2236,2018,9,454, Visa
4471-5564-4640-5055,2018,4,767, Visa
5771-5733-2083-5335,2018,12,956, MasterCard
4708-4247-4124-3462,2019,2,435, Visa
4440-8672-8514-6355,2018,11,931, Visa
5043-2457-0410-4586,2018,9,689, MasterCard
5160-7546-7658-8012,2018,1,570, MasterCard
5301-7844-2820-2661,2018,2,691, MasterCard
4554-1062-3284-4818,2019,11,389, Visa
4776-6836-0362-8287,2019,2,739, Visa
4767-4700-8360-5022,2019,10,604, Visa
4064-6263-6062-5237,2019,1,689, Visa
5815-1033-0755-8342,2018,9,583, MasterCard
4825-7182-0754-4448,2019,4,689, Visa
5864-0041-0566-4672,2018,9,733, MasterCard
5245-2448-6262-0067,2019,3,117, MasterCard
5136-2747-6187-2123,2018,2,414, MasterCard
5811-3002-2325-3438,2018,6,230, MasterCard
4748-1721-1483-2237,2019,5,109, Visa
4683-8221-3602-7540,2018,10,254, Visa
4105-7621-6473-5780,2018,2,792, Visa
4888-6655-6874-7272,2019,5,432, Visa
5383-2383-0448-4266,2018,8,218, MasterCard
5715-1407-3051-3511,2018,5,733, MasterCard
4057-7811-5410-6073,2018,7,487, Visa
4160-5734-8650-7100,2018,7,454, Visa
4608-6044-2862-3422,2018,4,395, Visa
4261-8416-4247-1042,2018,10,802, Visa
4060-8182-4776-3372,2019,12,111, Visa
5305-7004-1602-6223,2018,12,637, MasterCard
5071-7032-3631-5703,2018,9,349, MasterCard
5228-6132-2875-6420,2018,3,942, MasterCard
5105-3847-3154-4780,2018,8,223, MasterCard
4035-1732-8047-2156,2019,4,372, Visa
4400-4757-8716-2645,2018,3,988, Visa
5365-0724-6262-6646,2019,4,602, MasterCard
4702-5065-0566-0760,2018,6,521, Visa
4312-6510-6865-8785,2018,3,818, Visa
4024-6434-5632-2503,2018,2,882, Visa
5300-5281-5380-3370,2019,9,784, MasterCard
4204-1032-3271-6777,2018,4,370, Visa
4204-2051-0681-4735,2019,6,571, Visa
4478-2235-7276-3848,2018,7,166, Visa
5837-8512-6014-6158,2018,1,296, MasterCard
4220-2342-4072-2745,2018,12,841, Visa
4387-1624-8107-7645,2018,7,357, Visa
4135-4166-8256-2473,2019,11,760, Visa
4245-4166-8172-8320,2018,2,400, Visa
4378-5826-4481-6632,2018,11,520, Visa
5435-3838-3145-1582,2019,4,272, MasterCard
4323-2150-1336-6477,2019,1,594, Visa
5016-6148-4303-8745,2019,3,565, MasterCard
4325-5186-8570-6252,2019,10,446, Visa
5658-1576-4446-1628,2019,6,243, MasterCard
5336-7756-6125-7056,2019,8,746, MasterCard
4710-2847-0116-1872,2018,5,965, Visa
5250-6848-7860-5515,2018,5,322, MasterCard
5142-7244-4721-1528,2018,6,338, MasterCard
5282-3348-0180-7422,2019,3,861, MasterCard
4216-4223-4550-7220,2019,4,808, Visa
4405-0702-3556-4834,2019,8,653, Visa
5087-5420-2205-4064,2018,1,533, MasterCard
5624-4826-2048-6808,2019,7,682, MasterCard
4427-1324-2284-0486,2019,11,783, Visa
5844-6743-1171-6030,2019,8,713, MasterCard
4718-8458-5274-4658,2019,1,806, Visa
4811-1807-3127-3653,2019,12,627, Visa
4442-1086-3115-8788,2018,3,839, Visa
4034-2135-0200-7702,2018,6,632, Visa
5360-8072-8280-2231,2019,1,311, MasterCard
4823-4768-2635-0851,2018,6,836, Visa
4868-2423-7543-8067,2018,5,577, Visa
5138-6061-0878-5252,2019,10,702, MasterCard
4176-4644-8421-1444,2019,12,153, Visa
5121-6253-4712-4148,2019,9,610, MasterCard
4280-4386-6321-5015,2019,3,922, Visa
4376-2525-0811-4670,2019,1,238, Visa
5611-6164-1025-3044,2019,8,569, MasterCard
5772-6183-5125-5413,2019,11,601, MasterCard
4172-4766-7688-0756,2019,9,995, Visa
4645-2431-1530-4627,2018,1,273, Visa
4315-6314-1458-4387,2018,1,806, Visa
5681-5725-2247-2748,2019,2,477, MasterCard
5026-2534-2150-4360,2018,3,459, MasterCard
4308-6124-3111-0348,2018,2,687, Visa
4834-4710-2782-3860,2018,7,193, Visa
4822-8021-6243-6056,2019,1,644, Visa
4560-0517-2244-7155,2018,9,572, Visa
4564-0405-0585-5425,2019,4,802, Visa
4780-2057-7811-2238,2019,5,396, Visa
4563-0055-7235-3845,2018,11,419, Visa
5887-5421-0581-7181,2019,3,963, MasterCard
4122-7605-6221-3631,2019,8,648, Visa
5733-2082-0318-0171,2019,10,628, MasterCard
4512-8506-4177-3560,2018,10,899, Visa
4083-4542-4058-6603,2019,9,326, Visa
4102-5114-1302-0004,2019,5,445, Visa
4603-5650-4472-0675,2019,3,880, Visa
5500-2058-5318-0171,2019,3,919, MasterCard
5605-3614-8132-8403,2019,9,589, MasterCard
4400-7812-0747-7640,2018,12,995, Visa
5577-8114-4375-5766,2018,5,753, MasterCard
5883-1280-3233-4435,2019,2,403, MasterCard
5616-5160-4626-8207,2019,7,696, MasterCard
5265-0247-8238-8176,2018,10,136, MasterCard
5652-3311-0881-6611,2019,3,680, MasterCard
5302-4634-6205-5801,2019,11,369, MasterCard
4230-4817-4611-7585,2018,2,721, Visa
5066-1556-0052-7503,2018,4,785, MasterCard
5031-4450-1312-6213,2019,6,831, MasterCard
4515-4460-8701-4051,2019,11,169, Visa
5372-2621-4723-4715,2018,1,772, MasterCard
5301-5885-8100-3380,2019,2,470, MasterCard
4734-2788-3166-3031,2018,6,604, Visa
5750-1742-1527-3735,2018,8,593, MasterCard
4761-6507-5604-0302,2019,5,363, Visa
5062-6688-1084-4082,2019,2,778, MasterCard
4205-2886-7136-5373,2018,10,567, Visa
4552-2453-4178-5306,2018,2,299, Visa
5260-4040-4473-5080,2018,9,617, MasterCard
5550-4120-8838-7352,2019,8,752, MasterCard
5515-8573-4786-0165,2019,2,781, MasterCard
5057-5135-3362-4428,2019,7,828, MasterCard
5111-2233-2232-7001,2019,5,331, MasterCard
4047-4048-8334-5416,2018,11,476, Visa
5878-6748-0386-3513,2019,1,529, MasterCard
5456-7203-8780-2441,2019,5,530, MasterCard
5833-7303-2180-7764,2018,1,199, MasterCard
5307-3368-6223-7234,2019,5,564, MasterCard
5047-0507-1106-5705,2019,3,788, MasterCard
5080-1713-2302-4043,2018,6,507, MasterCard
4885-7038-3861-0765,2018,1,390, Visa
5437-5108-8725-7707,2018,6,941, MasterCard
5554-8581-6614-5664,2019,7,165, MasterCard
5221-3526-8074-3314,2019,5,764, MasterCard
4268-3168-0003-0313,2018,2,936, Visa
5231-7675-2006-8044,2018,7,660, MasterCard
4888-2670-5886-0507,2018,8,924, Visa
4088-3082-7713-2472,2018,6,148, Visa
5122-8870-2084-6624,2018,8,570, MasterCard
5568-4306-0865-1081,2019,5,803, MasterCard
4761-0552-2480-8852,2018,4,212, Visa
4380-5811-8483-4738,2018,2,424, Visa
5727-6807-3030-7212,2018,8,174, MasterCard
4742-3624-5528-7473,2019,12,564, Visa
5864-5007-6483-7624,2019,1,359, MasterCard
4860-5352-0322-1136,2019,6,606, Visa
4442-2434-7848-6735,2018,3,173, Visa
5210-5135-7884-0016,2018,10,639, MasterCard
5368-3556-4242-5287,2019,5,120, MasterCard
